{"cameraMode":{"drawMode":0,"name":"Shaded","section":"Shading Mode"},"sceneLighting":true,"audioPlay":false,"sceneViewState":{"m_AlwaysRefresh":false,"showFog":true,"showSkybox":true,"showFlares":true,"showImageEffects":true,"showParticleSystems":true,"showVisualEffectGraphs":true,"m_FxEnabled":true},"in2DMode":false,"pivot":{"x":-0.13691982626914979,"y":-5.654163360595703,"z":0.15890468657016755},"rotation":{"x":-0.7045668363571167,"y":-0.0027717449702322485,"z":0.0027469522319734098,"w":-0.709642767906189},"size":12.130243301391602,"orthographic":false}